{"cameraMode":{"drawMode":0,"name":"Shaded","section":"Shading Mode"},"sceneLighting":true,"audioPlay":false,"sceneViewState":{"showFog":true,"showMaterialUpdate":false,"showSkybox":true,"showFlares":true,"showImageEffects":true,"showParticleSystems":true},"in2DMode":false,"pivot":{"x":0.8434857130050659,"y":4.181921482086182,"z":-6.010611057281494},"rotation":{"x":0.15523108839988709,"y":-0.04147781804203987,"z":0.006523543503135443,"w":0.9869861006736755},"size":2.067000389099121,"orthographic":false}