{"cameraMode":{"drawMode":0,"name":"Shaded","section":"Shading Mode"},"sceneLighting":true,"audioPlay":false,"sceneViewState":{"showFog":true,"showMaterialUpdate":false,"showSkybox":true,"showFlares":true,"showImageEffects":true,"showParticleSystems":true},"in2DMode":false,"pivot":{"x":0.8062700033187866,"y":4.0388593673706059,"z":-5.568618297576904},"rotation":{"x":0.15523108839988709,"y":-0.04147781804203987,"z":0.006523543503135443,"w":0.9869861006736755},"size":-0.9329995512962341,"orthographic":false}